"new.ID","Unseparated","liquid","solid","Scenario 1","Scenario 2","Scenario 3"
"Trial 1",0.405,0.102,0.156,0.10254,0.1074,0.1155
"Trial 2",0.138,0.0534,0.496,0.057826,0.09766,0.16405
"Trial 3",0.449,0.164,0.0284,0.162644,0.15044,0.1301
"Trial 4",0.204,0.0973,0.211,0.098437,0.10867,0.125725
"Trial 5",0.409,0.268,0.00361,0.2653561,0.241561,0.2019025
"Trial 6",0.337,0.00385,0.386,0.0076715,0.042065,0.0993875
