"new.ID","Unseparated","liquid","solid","L Scenario 1","L Scenario 2","L Scenario 3","S Scenario 1","S Scenario 2","S Scenario 3"
"Trial 1",0.405,0.102,0.156,0.10098,0.0918,0.0765,0.00156,0.0156,0.039
"Trial 2",0.138,0.0534,0.496,0.052866,0.04806,0.04005,0.00496,0.0496,0.124
"Trial 3",0.449,0.164,0.0284,0.16236,0.1476,0.123,0.000284,0.00284,0.0071
"Trial 4",0.204,0.0973,0.211,0.096327,0.08757,0.072975,0.00211,0.0211,0.05275
"Trial 5",0.409,0.268,0.00361,0.26532,0.2412,0.201,3.61e-05,0.000361,0.0009025
"Trial 6",0.337,0.00385,0.386,0.0038115,0.003465,0.0028875,0.00386,0.0386,0.0965
